,f1-score,precision,recall,support
0,0.8896797153024909,0.847457627118644,0.9363295880149812,267.0
1,0.4833333333333334,0.6304347826086957,0.3918918918918919,74.0
micro avg,0.8181818181818182,0.8181818181818182,0.8181818181818182,341.0
macro avg,0.6865065243179121,0.7389462048636699,0.6641107399534365,341.0
weighted avg,0.8014989755203278,0.800361760568098,0.8181818181818182,341.0
