,f1-score,precision,recall,support
0,0.8816029143897997,0.8581560283687943,0.9063670411985019,267.0
1,0.5112781954887218,0.576271186440678,0.4594594594594595,74.0
micro avg,0.8093841642228738,0.8093841642228738,0.8093841642228738,341.0
macro avg,0.6964405549392607,0.7172136074047362,0.6829132503289806,341.0
weighted avg,0.8012391923995366,0.7969845377450976,0.8093841642228738,341.0
