,f1-score,precision,recall,support
0,0.8747731397459164,0.8485915492957746,0.9026217228464419,267.0
1,0.47328244274809156,0.543859649122807,0.4189189189189189,74.0
micro avg,0.7976539589442815,0.7976539589442815,0.7976539589442815,341.0
macro avg,0.674027791247004,0.6962255992092908,0.6607703208826804,341.0
weighted avg,0.7876461263211686,0.7824620460324327,0.7976539589442815,341.0
