,f1-score,precision,recall,support
0,0.8713235294117647,0.855595667870036,0.8876404494382022,267.0
1,0.4927536231884059,0.53125,0.4594594594594595,74.0
micro avg,0.7947214076246334,0.7947214076246334,0.7947214076246334,341.0
macro avg,0.6820385763000854,0.693422833935018,0.6735499544488308,341.0
weighted avg,0.7891705292342617,0.7852098044612893,0.7947214076246334,341.0
