,f1-score,precision,recall,support
0,0.8708487084870848,0.8581818181818182,0.8838951310861424,267.0
1,0.5,0.5303030303030303,0.47297297297297297,74.0
micro avg,0.7947214076246334,0.7947214076246334,0.7947214076246334,341.0
macro avg,0.6854243542435424,0.6942424242424242,0.6784340520295576,341.0
weighted avg,0.790371276146779,0.787029236648005,0.7947214076246334,341.0
