,f1-score,precision,recall,support
0,0.8788426763110307,0.8496503496503497,0.9101123595505618,267.0
1,0.48062015503875966,0.5636363636363636,0.4189189189189189,74.0
micro avg,0.8035190615835777,0.8035190615835777,0.8035190615835777,341.0
macro avg,0.6797314156748953,0.7066433566433566,0.6645156392347403,341.0
weighted avg,0.7924248857710071,0.7875827984332383,0.8035190615835777,341.0
