,f1-score,precision,recall,support
0,0.8857142857142857,0.8464163822525598,0.9288389513108615,267.0
1,0.47540983606557374,0.6041666666666666,0.3918918918918919,74.0
micro avg,0.8123167155425219,0.8123167155425219,0.8123167155425219,341.0
macro avg,0.6805620608899297,0.7252915244596132,0.6603654216013767,341.0
weighted avg,0.7966746104239494,0.7938460627412516,0.8123167155425219,341.0
