,f1-score,precision,recall,support
0,0.8738574040219379,0.8535714285714285,0.8951310861423221,267.0
1,0.48888888888888893,0.5409836065573771,0.44594594594594594,74.0
micro avg,0.7976539589442815,0.7976539589442815,0.7976539589442815,341.0
macro avg,0.6813731464554134,0.6972775175644028,0.670538516044134,341.0
weighted avg,0.7903158494182851,0.7857371211548895,0.7976539589442815,341.0
